Date,Product,Region,Sales,Quantity,Profit,Target
2024-03-21,Product A,East,1683.0562832642336,17,204.20481662247073,1
2024-11-04,Product C,South,506.9849601075371,1,132.47250662799024,0
2024-08-31,Product A,West,1220.3108863406485,17,251.35843800287554,0
2024-09-14,Product C,West,1840.5620635943365,6,208.57137450115255,1
2024-04-27,Product B,North,994.1659884067576,12,235.47160806207756,0
2024-05-09,Product B,North,1027.189652775957,1,476.8557597149456,1
2024-11-12,Product A,West,1516.6265637471529,13,147.98470946624832,0
2024-04-08,Product A,West,1014.2328639515817,3,305.2395852609551,0
2024-07-12,Product B,North,1948.53716867837,15,150.5073307223992,1
2024-04-02,Product C,West,1638.761612476661,14,432.5579721688987,1
2024-04-05,Product B,South,1857.79121943062,5,397.34224183156675,0
2024-04-20,Product C,East,1177.2842440921909,14,354.54025564537017,0
2024-09-10,Product A,South,1284.159676516746,2,478.7825391028025,1
2024-03-29,Product A,North,1631.8034232341918,10,353.66408754098086,1
2024-06-24,Product A,East,1600.4657670704476,9,279.78004241925913,0
2024-07-08,Product C,East,598.4811996303758,1,292.74666994095236,1
2024-11-15,Product C,North,1885.700014525436,5,145.40488991195252,1
2024-04-30,Product C,East,555.7963104475998,12,169.44885231399763,1
2024-05-28,Product B,East,897.0287292614546,14,357.04820092386933,1
2024-01-17,Product C,West,555.4431491398553,16,198.78555216072488,1
2024-03-26,Product A,East,1133.1103450550002,1,390.0887151962387,0
2024-09-05,Product C,North,723.1784308210634,8,498.77993810668994,1
2024-02-23,Product C,North,1789.0577382895563,16,324.60299939816855,1
2024-11-03,Product C,West,934.07559882731,18,210.90275567996622,1
2024-08-19,Product C,East,1541.4989176891731,15,389.8599524972562,1
2024-10-12,Product C,South,1854.6650379030914,5,453.40336272398065,0
2024-02-25,Product C,South,714.7136410278374,10,447.0234971338419,1
2024-11-11,Product C,South,1523.5998349063634,11,320.96427985115747,0
2024-03-02,Product C,East,1218.4467266675633,18,215.51496374079727,0
2024-04-01,Product C,North,1019.4460587790875,4,496.23278209188146,0
2024-07-06,Product A,South,900.4912987474806,4,314.0803902315657,0
2024-07-26,Product A,South,1601.0107514711867,7,260.2679887416703,0
2024-06-17,Product C,North,753.3737888801231,2,161.68647215737914,1
2024-03-11,Product A,East,1291.1402423599322,15,313.0209063528954,1
2024-05-25,Product C,South,1974.739551256437,7,244.08441192835352,1
2024-01-20,Product C,South,1727.3568199816518,1,353.95530224512055,0
2024-04-02,Product C,West,1979.5350759572368,4,453.54739490239757,0
2024-06-11,Product B,North,1559.052797150655,12,195.2057289210727,1
2024-09-12,Product B,West,1465.1821297907939,9,217.22998586092433,0
2024-05-04,Product B,West,1873.26070638442,3,461.75278997741765,1
2024-02-10,Product C,South,1274.501509215023,3,120.09335480521158,1
2024-01-05,Product B,West,1802.7687569080686,1,232.69507399846398,0
2024-06-17,Product A,West,634.4907649478142,7,343.9757421764724,0
2024-10-28,Product B,North,1152.7111205940246,13,252.72921750351415,0
2024-09-03,Product A,North,1687.873606808406,2,234.0269905461595,1
2024-03-16,Product B,East,1927.1183886324316,11,180.45633919991127,1
2024-06-11,Product B,North,1031.6878111414758,2,404.442447236232,1
2024-06-27,Product A,West,1928.1093610687276,8,139.6280520396397,0
2024-05-09,Product C,South,1637.8049849462982,4,101.08581680213207,0
2024-06-12,Product A,West,1161.658907954838,18,493.5384455959333,0
2024-06-10,Product A,West,1181.852376919699,10,217.45704654691562,0
2024-01-10,Product A,West,1006.625279461398,14,100.72387618341341,0
2024-03-24,Product C,South,1822.7676451591144,5,474.41540311004076,0
2024-12-03,Product A,South,1353.8989950727891,15,305.08211661655105,1
2024-09-02,Product C,North,1755.6580957650035,7,264.3750637307723,0
2024-05-09,Product B,North,521.1618099813788,19,374.4428765231956,1
2024-07-08,Product B,South,1006.1817519366407,1,350.2745557867695,0
2024-11-10,Product A,West,772.6653058310287,8,329.39268475596566,0
2024-06-03,Product C,East,1930.340533556317,4,263.09446483734337,1
2024-10-23,Product C,West,1205.2994674953939,9,466.38898049434533,1
2024-04-18,Product C,East,1484.9660962300804,6,480.49921177465967,1
2024-04-21,Product B,West,841.2626029437872,16,269.20248956069673,1
2024-06-21,Product A,South,1304.6220622217315,5,293.18129263952767,0
2024-02-05,Product C,East,1744.8306939572878,19,221.09060383164865,1
2024-06-03,Product C,East,1378.9782575038607,3,247.4575015121942,0
2024-05-29,Product B,North,1380.5265988516971,11,246.70783364583193,1
2024-11-26,Product A,East,1412.443373243325,2,193.2682372472255,1
2024-03-12,Product C,East,1827.3946075273625,3,416.31990145737564,1
2024-12-05,Product B,West,1647.5442067785227,1,355.95438558723725,0
2024-04-10,Product B,North,1774.1612439615237,1,148.3806573192104,0
2024-12-26,Product A,East,1078.4574493756468,15,262.98729199942784,1
2024-05-10,Product C,East,1791.8125908451218,14,324.6272484792468,1
2024-09-20,Product A,West,1255.567281641399,4,132.47176512366048,0
2024-10-09,Product C,West,1415.5966523215257,2,368.39608483229415,0
2024-05-03,Product B,South,1936.2653109366313,18,147.80100312497595,1
2024-03-09,Product B,South,1338.778570367584,7,460.14593651174846,0
2024-04-20,Product C,East,1017.6618996436385,19,360.9688169842852,0
2024-07-15,Product C,East,630.2687918471418,14,454.7240942801637,1
2024-08-31,Product C,West,1832.6607098390361,7,126.942654839474,1
2024-11-23,Product A,South,1744.7264186495956,15,201.96783480735297,1
2024-01-20,Product A,East,1363.40307793492,4,365.1957835302006,0
2024-04-27,Product A,East,577.3205640211054,16,219.38837300041922,0
2024-12-10,Product A,West,1192.0900680602306,19,182.24733736974676,1
2024-10-27,Product C,West,1811.2203236911212,7,457.0979004638411,0
2024-02-03,Product C,North,1953.5091918189428,5,303.19630375572655,0
2024-06-01,Product C,South,1373.89690107358,11,244.01146443934357,0
2024-06-04,Product C,North,536.3892221664415,2,268.9194294839383,0
2024-10-11,Product B,East,1379.0297989478704,2,402.0227269843146,0
2024-03-15,Product B,West,1584.967037345972,12,471.54191830789284,0
2024-02-11,Product C,East,1344.4211077949003,12,441.5981161557594,1
2024-01-13,Product A,West,994.0402715591501,15,114.66480181903135,0
2024-08-26,Product A,West,995.247812950611,15,225.84380159859782,0
2024-04-12,Product C,East,1022.8795506250304,5,405.0121648683919,1
2024-06-21,Product B,South,1059.2103197498864,18,243.2518999326434,0
2024-02-10,Product C,West,1489.0573437435041,17,463.88374963962883,1
2024-08-29,Product B,West,1163.592539168027,11,318.70628187434806,1
2024-11-08,Product C,North,1942.5382256935231,12,326.5928069957094,0
2024-04-29,Product A,South,975.8950307149541,4,425.9259840007953,1
2024-03-28,Product B,North,1564.8330931310477,6,101.37688866377582,0
2024-10-15,Product A,South,1205.8829243422413,8,263.28399729513023,0
2024-04-25,Product A,West,868.3314240099194,10,196.9811285144067,1
2024-04-02,Product C,East,607.5434794798873,17,319.7471109440701,0
2024-02-11,Product C,East,881.1428888398214,18,118.2617156272185,0
2024-11-18,Product B,South,1814.688627863938,10,221.87862464447758,0
2024-11-24,Product B,East,1984.5997308105384,14,486.4531910451783,1
2024-11-12,Product A,West,939.5700837029696,18,376.3208955106614,0
2024-11-03,Product A,East,1104.6807426733462,4,319.1865965003843,0
2024-04-14,Product A,West,582.6472935922288,14,426.0925813052967,1
2024-10-29,Product C,West,618.0057531809878,13,245.75663007391725,0
2024-08-15,Product B,North,637.626452645698,2,249.67841018737747,1
2024-10-17,Product A,East,885.8317165510273,12,219.5295109472974,0
2024-04-14,Product C,North,832.9982634476307,11,115.785902055765,0
2024-11-12,Product C,South,601.3003951794005,10,381.7534410034833,1
2024-07-05,Product A,East,1589.425502441725,9,207.30648183612715,0
2024-11-04,Product A,East,1565.3441001840963,1,102.96100026947892,0
2024-12-16,Product A,North,1794.5791145653088,8,442.00673307853424,1
2024-08-07,Product B,North,750.1124099443331,10,232.7008063521622,1
2024-08-30,Product A,North,890.8282491921134,11,338.9566638534923,0
2024-06-29,Product A,North,1603.1824539777874,6,379.7354018905548,0
2024-03-20,Product B,West,1019.5584146362709,16,493.82422029056545,1
2024-06-11,Product B,East,670.5448339998659,4,336.8223239384007,1
2024-05-30,Product B,North,1048.6022296730023,2,330.57101421554705,0
2024-02-16,Product C,East,760.1695655822211,16,373.69905053147255,0
2024-09-12,Product A,East,770.7601521592085,15,317.06014496792227,1
2024-12-18,Product C,East,649.3651287597118,19,104.7736802697877,1
2024-10-28,Product A,West,1140.6024570632399,13,402.46602420448363,0
2024-08-03,Product C,North,1114.1592618765305,17,243.66943692691714,1
2024-03-20,Product B,North,718.5362815356638,12,219.95987236097113,1
2024-12-30,Product B,South,1315.0858632736927,17,237.04978349988485,1
2024-06-10,Product B,East,1339.492791936325,8,408.31456352724246,0
2024-01-08,Product B,East,1904.69327181353,9,316.3473460632662,1
2024-04-10,Product C,North,939.2670493591622,1,451.66749652026425,1
2024-07-30,Product B,West,1764.8899471058132,1,215.79172404152112,1
2024-01-04,Product A,South,1293.1266065024577,16,460.8168539874758,0
2024-03-09,Product A,South,1454.467410938489,12,282.00715771302566,1
2024-08-14,Product A,South,922.2000342200581,11,462.5750008060259,0
2024-11-15,Product C,North,1001.952922996323,5,185.63793546543113,1
2024-07-13,Product B,East,991.0155722236544,2,276.0814455434351,1
2024-02-15,Product A,West,1382.359646299869,13,184.77784863610805,1
2024-01-24,Product C,South,526.6095790845836,16,357.80886404951804,1
2024-08-23,Product A,North,670.1482569648562,14,193.16747439548948,1
2024-03-27,Product B,North,1713.6431523724984,16,461.5470422786593,1
2024-06-23,Product B,North,1367.1697867582207,3,285.64082472713994,1
2024-11-21,Product B,West,1146.083946176081,9,160.3795411201188,1
2024-11-30,Product C,West,868.9612518343511,11,355.9288076541525,1
2024-02-19,Product A,East,1816.9711395811369,10,298.52112827176614,1
2024-01-25,Product A,East,1067.6823381950353,6,203.90953178633697,0
2024-07-24,Product C,South,1896.0714807368856,16,363.7774786896824,1
2024-12-13,Product C,North,1542.2932567489772,17,262.4691668166522,1
2024-08-27,Product B,West,536.5177578183732,17,110.19145662316987,1
2024-01-25,Product B,East,1435.5034082325735,5,404.97787578078237,0
2024-04-30,Product C,South,1668.6480046319532,6,207.93329196167596,0
2024-09-01,Product B,South,856.9195990946159,6,300.7569749066498,1
2024-12-15,Product A,West,1965.8899221784545,2,245.7777535051582,0
2024-08-10,Product A,West,1007.8369639282619,7,494.898420187367,0
2024-06-01,Product C,North,1222.7481531648018,17,470.9971607920978,0
2024-05-30,Product C,South,1278.4218993292143,4,310.3291208184103,0
2024-09-30,Product B,West,1073.9824343044552,11,343.26194639026534,0
2024-03-28,Product B,East,1599.2872680912758,19,145.7423406324804,0
2024-08-28,Product C,South,754.4828841441481,12,333.32104500125394,0
2024-08-06,Product B,South,1503.182587497306,9,303.7136780650301,1
2024-07-20,Product B,East,1421.1677909837376,15,490.79992866682545,0
2024-02-01,Product B,West,1816.3725432844694,10,383.71838841021446,0
2024-04-10,Product C,East,1632.636598383017,5,494.60294997760946,0
2024-10-15,Product C,North,922.5189468127631,8,166.672504079104,1
2024-05-04,Product B,North,1535.2198755983406,5,306.6885692644453,0
2024-10-11,Product C,East,1563.5743760243395,15,229.7717700241087,0
2024-02-27,Product A,East,1093.4095772859932,8,492.52428883716874,0
2024-07-19,Product C,South,1571.9605428181974,4,354.85805036578574,0
2024-06-02,Product C,South,1527.8644434160212,13,172.81539208661502,1
2024-04-29,Product A,North,1591.0184703406812,13,316.3509630781955,0
2024-01-11,Product A,West,873.5738368574707,5,180.54814790038827,0
2024-07-01,Product A,South,671.6907732891301,11,314.85778802167215,0
2024-05-11,Product C,South,796.6251183660893,11,425.9720177336208,1
2024-07-28,Product A,North,1630.4447463406068,14,231.63922845711193,1
2024-07-26,Product A,West,626.1490610870927,17,436.62324670413454,0
2024-01-26,Product B,East,1169.9613450725546,18,245.47547204813225,0
2024-02-06,Product B,North,1529.8791986219028,15,256.8915035608784,1
2024-11-27,Product A,South,604.1213966235158,11,199.546765931583,0
2024-10-28,Product B,North,1237.9891649251763,17,202.04694124544733,0
2024-01-15,Product B,South,1338.4883099903898,11,223.77623724438078,1
2024-09-05,Product C,North,1573.0956491776328,7,312.1732856617797,0
2024-04-05,Product B,South,1564.474025802454,13,257.05400854085093,0
2024-07-09,Product A,West,1151.6782133936285,3,265.26992202673534,0
2024-01-03,Product A,East,867.0959346703264,13,148.9096265474212,0
2024-09-10,Product B,East,951.022690655718,19,156.00742419699318,0
2024-04-10,Product B,East,1728.821620523012,7,449.3288242633059,1
2024-05-12,Product C,West,707.1688257660193,19,411.9353163490867,1
2024-05-14,Product A,East,820.3219876894904,11,384.4918292794451,0
2024-03-03,Product A,West,1775.2042326843973,16,177.37097795529678,0
2024-10-10,Product A,East,985.5804390546984,18,456.17301613852504,0
2024-12-12,Product A,South,1229.3517646931289,4,403.00246156780764,0
2024-10-04,Product B,West,723.2438480984069,11,178.80736888676165,1
2024-04-11,Product A,South,1313.8658312108641,12,450.2084496432389,1
2024-07-31,Product C,North,1687.5075113953992,14,357.71285085182944,0
2024-02-21,Product A,East,532.6649342086182,7,305.100443300185,1
2024-09-29,Product B,West,1160.8173892720006,1,250.92855711731684,0
2024-07-20,Product C,West,1487.924991191528,10,152.7662440130768,0
2024-10-29,Product C,North,1855.331169581004,19,406.6955812139972,1
2024-08-13,Product A,South,822.4652753561236,18,476.357681696459,1
2024-09-07,Product B,East,1864.581516531086,7,185.86452966544914,0
2024-03-03,Product A,South,1140.5490237038698,5,389.61108746772686,1
2024-02-27,Product B,West,543.9275277083758,19,484.7753951062956,1
2024-11-26,Product B,North,776.1070316919815,7,184.01037088954882,0
2024-07-29,Product B,East,901.9196194203192,8,291.116339758127,0
2024-08-10,Product C,East,896.1652980602744,19,398.4059444988198,0
2024-04-24,Product C,West,851.3415641399463,7,414.89471142544716,0
2024-12-26,Product B,East,1297.8413715775812,1,369.8388302487068,0
2024-07-10,Product C,South,621.760265328312,4,312.2611040890788,0
2024-04-26,Product C,East,1050.4940946851916,8,471.960401123979,1
2024-05-01,Product A,East,1609.2843046688365,12,131.15049333255655,1
2024-11-06,Product C,South,1966.8290112119935,16,358.58647133254266,1
2024-09-14,Product A,East,684.8971274803293,8,368.08559737141906,0
2024-01-29,Product C,West,1819.9863948366744,18,414.3817924001349,0
2024-09-15,Product B,West,1642.3272022899478,16,433.00011356765754,0
2024-12-27,Product C,South,546.8951352114898,17,415.8373784429075,1
2024-09-25,Product C,East,1057.3283750576354,17,144.53005367117112,1
2024-08-13,Product A,South,985.1685214337606,2,322.80717591311793,0
2024-01-05,Product C,South,599.5604786759184,7,342.7434144515296,1
2024-11-24,Product C,West,1507.9115206746637,11,360.9463933648244,0
2024-01-04,Product C,North,517.1605126647323,9,302.15971433136554,1
2024-11-05,Product C,South,1111.635827618237,4,235.15999364557166,1
2024-12-19,Product B,East,864.6417045720991,7,290.9717934203949,0
2024-07-17,Product A,South,1277.6728108081293,12,162.43017142110094,1
2024-04-18,Product A,South,621.906567714109,9,330.02686680465047,0
2024-02-14,Product C,North,1697.7417612678676,2,114.75777739247235,1
2024-07-14,Product C,North,1950.1166091274213,9,467.7400774340316,1
2024-07-29,Product C,East,527.1268234377299,1,460.6613651041136,1
2024-09-30,Product C,East,636.027478265236,8,101.24799131899836,1
2024-08-20,Product A,West,1785.223745903774,8,158.07181805851891,0
2024-11-01,Product B,East,1667.159743335615,16,490.1974814368119,1
2024-05-10,Product B,East,834.9667729615787,14,108.61101813125451,0
2024-07-05,Product C,West,1166.7769328608151,3,468.7014952926661,0
2024-10-23,Product C,South,838.0722679367906,12,168.37935940607127,1
2024-06-19,Product C,South,1082.0748497588502,4,417.4307459679566,0
2024-12-17,Product A,East,785.9841564072085,12,305.3035450525747,1
2024-07-04,Product A,West,1156.75737189919,3,119.07348471678665,0
2024-04-03,Product C,South,1109.239906164261,4,290.8287725672808,0
2024-11-07,Product B,East,1166.3381277238366,4,280.8319984797435,1
2024-04-17,Product B,East,1720.5886476051467,6,261.54900394851336,1
2024-10-31,Product C,South,1350.5104693640965,15,470.8169132900813,1
2024-03-15,Product B,South,669.5429834439938,5,335.0161161049084,1
2024-07-03,Product B,West,1845.0267841009725,10,373.34808731483736,0
2024-08-01,Product B,East,1316.5272427973264,19,399.0029911679461,0
2024-04-04,Product A,North,1348.6004495223524,7,145.06463057710283,1
2024-04-07,Product A,North,1735.3429019308192,16,359.83764875099587,1
2024-07-26,Product C,North,585.7183669373791,16,200.72253074058892,0
2024-08-27,Product C,East,507.6416773437162,10,251.74012101604558,1
2024-01-19,Product A,West,1089.3124023148698,6,425.67949534448445,1
2024-01-02,Product B,East,1123.1878220020376,2,430.89126378698813,0
2024-04-06,Product B,South,1352.8501515814849,2,283.9778303459766,1
2024-10-19,Product C,North,954.5110143695126,9,148.98425959175046,0
2024-08-24,Product C,West,960.8684680002232,19,465.3780895338072,1
2024-05-19,Product A,South,1704.0843603930657,2,398.36937069740713,1
2024-07-18,Product B,East,1841.7546266544243,11,220.50872681470975,1
2024-08-05,Product B,West,1079.9457795331389,15,246.15318061002532,0
2024-01-31,Product A,West,547.3588887424942,4,141.0681332841771,0
2024-07-20,Product B,West,1658.9358750548763,8,239.44443293040817,1
2024-01-10,Product C,North,876.2696193535671,3,467.64337067412896,1
2024-04-14,Product A,North,1964.6304922131794,16,315.59633654905633,1
2024-05-08,Product C,West,1156.834465936177,3,304.55709440025987,0
2024-11-29,Product C,West,568.6681256080466,17,220.02973278633445,0
2024-06-28,Product B,West,560.7801716628487,9,306.1972970972992,0
2024-04-28,Product C,South,1135.6033645747807,1,379.697644767941,0
2024-02-04,Product A,North,1446.6979725886604,10,156.00670456148634,1
2024-05-20,Product A,South,1050.1715371442533,2,195.67582546945386,1
2024-03-27,Product C,West,1967.5603666797401,10,139.10184959605397,1
2024-10-22,Product B,North,1112.0278236054273,2,126.26425077497174,0
2024-04-10,Product B,North,1757.6464980101125,11,239.18702633275907,0
2024-01-24,Product A,East,1673.2958109471876,5,148.7521335245283,0
2024-09-15,Product B,South,913.4236951497243,6,166.66569469312435,0
2024-02-09,Product C,North,1627.9789326445148,12,258.8282079391248,1
2024-06-05,Product C,West,589.1967383355193,1,397.7111076665243,1
2024-02-29,Product C,East,1702.9392406781083,2,101.00838864832565,1
2024-04-17,Product B,East,1009.4222759716628,7,473.4084928204259,1
2024-01-25,Product B,West,1814.843342047723,18,149.32062696288676,1
2024-08-30,Product B,South,1113.559773085441,9,250.70142130644038,1
2024-06-06,Product C,North,545.8143061397386,19,334.88241079288355,0
2024-12-05,Product C,South,1277.177546241042,18,262.09082750079546,1
2024-10-11,Product A,West,1484.6259122594574,18,193.00697259050128,0
2024-11-29,Product A,West,1988.7524030172017,1,256.7096667837793,0
2024-03-19,Product B,South,1022.1940989670715,6,456.7465337823893,0
2024-11-20,Product B,West,1512.3937023233316,11,276.6320205666058,0
2024-06-20,Product A,North,1636.6696023553516,8,177.27853176423383,0
2024-12-18,Product A,North,1425.5436626400206,16,375.4241304918411,0
2024-10-07,Product A,West,1402.3948820321395,15,492.6933084734144,1
2024-11-05,Product C,South,1951.0934086128316,7,490.9425471254479,0
2024-07-15,Product C,North,673.9161337645265,16,420.0557970998699,0
2024-07-26,Product C,North,1482.3033093494137,18,429.7121887035389,1
2024-05-14,Product B,North,1176.6621438173702,4,361.07116600989275,1
2024-12-19,Product A,South,742.158960169376,15,201.2174418142496,0
2024-08-14,Product C,North,1236.8054962535916,17,414.5307976664178,1
2024-10-21,Product C,East,1645.602631458928,1,231.9718008574803,1
2024-02-20,Product A,West,543.2688911278365,8,350.1625659920385,1
2024-04-15,Product A,East,1490.9951741919358,16,283.0442994998357,1
2024-02-19,Product A,South,982.2368425490083,5,356.351821032909,0
2024-04-24,Product A,North,940.7628586919127,13,304.9657561360679,1
2024-03-17,Product A,South,1448.429397470371,19,447.02045568040097,0
2024-01-14,Product A,West,1208.3683775578834,15,175.0404578180151,0
2024-10-14,Product C,East,1981.000729072885,13,412.46705946122285,0
2024-02-04,Product B,North,1551.299199840807,4,137.75852349566145,1
2024-08-10,Product C,West,1394.5357797350143,18,431.83848606734955,0
2024-12-08,Product C,North,1384.6756441158902,6,141.3527749933142,0
2024-12-06,Product B,North,1725.2061138002937,15,478.2319275707525,0
2024-05-27,Product C,South,1977.4562391796942,13,249.6474867887331,0
2024-05-02,Product B,North,944.9803955767101,18,496.04305702803924,0
2024-10-14,Product C,East,640.6776390818982,12,478.60883791462487,1
2024-03-12,Product C,South,1381.6003193905644,11,393.68932273456204,1
2024-01-07,Product A,South,1200.5881986709762,14,334.9499228517735,1
2024-11-24,Product A,West,1087.936102974045,14,330.9605049047373,1
2024-08-20,Product B,West,1591.5285890955658,2,110.2865247287233,1
2024-01-21,Product A,North,1136.0134591585786,4,403.0484429498012,1
2024-12-24,Product B,West,907.0607026140952,18,280.3089665250694,0
2024-08-19,Product C,West,1656.4283719980747,6,412.71570310023947,0
2024-03-27,Product A,West,1327.746029835157,6,408.46416660987614,0
2024-07-14,Product B,East,1584.3880960071824,11,292.09359282456705,1
2024-09-18,Product B,West,518.6496899684366,17,166.22169522886776,0
2024-01-31,Product B,West,1358.3871385908972,18,320.6314407696041,1
2024-11-07,Product A,North,1954.3979614167094,12,137.86933465161732,0
2024-11-02,Product C,South,812.3042772178375,1,499.34622320375064,1
2024-03-04,Product C,East,979.3071765434838,14,345.39813800719395,0
2024-07-01,Product B,East,1660.1293686223737,13,350.16421604121786,0
2024-10-17,Product C,West,1384.7850819202426,1,171.96784043261997,1
2024-07-23,Product C,West,1097.7381594685912,1,169.6466824796858,1
2024-04-29,Product B,West,792.5488619696084,3,289.1427362197192,1
2024-07-05,Product B,West,1090.0021963662098,7,394.11548514130334,0
2024-04-13,Product B,South,1832.7628012952734,10,467.98015734580525,0
2024-05-31,Product A,East,1804.6006453769667,12,265.56392269363727,0
2024-06-18,Product C,South,1982.9858575201968,7,298.0303591171844,1
2024-04-28,Product A,North,585.0015454243174,13,461.02188656463284,1
2024-04-18,Product A,West,850.6342907789797,1,346.79187490809204,1
2024-03-06,Product A,East,1862.0523036553723,19,348.08159130317256,1
2024-04-07,Product C,West,753.9121973154598,10,433.855765881764,0
2024-07-13,Product B,North,1345.7462825233151,10,480.5243074346408,0
2024-01-09,Product C,South,1910.7665292111994,13,389.58841731254165,0
2024-10-07,Product C,West,1137.1178193524831,9,446.01024350157564,0
2024-05-15,Product A,East,802.257315842629,3,125.62820430226051,1
2024-01-16,Product A,South,1806.7322567042545,15,382.1127224281983,0
2024-12-04,Product B,South,1088.4989953975225,17,250.9580503346837,1
2024-07-20,Product C,West,838.6149258387022,15,366.8354298682233,1
2024-04-25,Product B,East,986.1634182190156,13,182.45779193514346,0
2024-03-25,Product B,West,597.5470618998909,10,436.5950880383452,1
2024-05-31,Product B,East,951.8095701331522,12,228.3141609222123,1
2024-04-19,Product C,East,797.8948061812603,12,338.4795800990074,0
2024-11-26,Product A,North,779.9274205242361,19,184.31718868058317,1
2024-01-08,Product C,East,1695.1059463645104,6,334.07320232108714,0
2024-02-27,Product C,South,672.2953537524534,2,358.4631697961952,1
2024-07-25,Product C,North,1053.8529093800973,16,194.56236606682435,0
2024-09-25,Product C,East,1526.1693505690785,14,371.1892109197207,1
2024-12-24,Product B,South,1081.0414685610394,2,255.83059914352648,1
2024-08-31,Product C,South,1180.502553957684,8,138.8812019387134,0
2024-12-05,Product B,South,1599.788987918259,8,254.70272390647688,0
2024-08-07,Product C,North,1703.0121354869768,3,441.4495626327082,1
2024-03-20,Product A,East,1983.22815738282,4,286.50579484126433,0
2024-12-19,Product B,South,1685.659455221716,13,130.2824241750923,1
2024-03-24,Product A,South,1257.6978179778466,11,315.1044363001437,0
2024-10-13,Product B,East,621.2755533773563,15,118.79454069361728,0
2024-04-16,Product C,West,1257.7004037779002,11,366.6413066037924,0
2024-03-23,Product C,East,515.1706874217463,6,100.47869056791154,1
2024-03-03,Product C,East,1157.9186805922554,10,142.79188387239157,1
2024-09-25,Product B,West,1016.9554898649747,8,335.9219630381359,0
2024-04-12,Product B,West,1663.0504696939493,15,365.37179374058957,1
2024-11-21,Product B,North,1757.6885106535913,12,370.9053004158603,0
2024-06-29,Product C,West,1369.0037299039147,9,124.79268608179241,1
2024-11-30,Product A,North,1839.5484344246659,6,413.09800068759495,0
2024-01-22,Product C,West,1439.2907316215087,17,130.50429628290874,0
2024-06-30,Product B,West,1139.348876412209,11,348.61644053016835,1
2024-04-26,Product B,South,1551.7771475093093,9,413.43803406529685,1
2024-10-18,Product B,East,1961.0619147432599,14,312.66726999154565,0
2024-08-11,Product A,South,1854.794089949263,7,313.8396541245803,1
2024-11-11,Product C,East,1069.8651414675508,15,430.7179193022177,1
2024-11-08,Product B,East,869.4675510845634,9,223.25284653631647,0
2024-07-23,Product A,South,1221.0543140310713,16,429.54384271511145,1
2024-03-12,Product A,North,1903.9349453193677,12,241.2416596409908,0
2024-04-01,Product C,South,1466.8037866744503,5,171.0322922817181,0
2024-09-26,Product B,East,1077.249170086297,15,421.64974041587715,0
2024-01-01,Product A,North,996.3699154375752,15,459.4158739811262,0
2024-12-01,Product C,West,1847.636039887232,4,258.90890601112676,1
2024-05-12,Product B,South,682.1414077500692,7,119.2213588405763,0
2024-08-29,Product B,East,1531.2330667612384,13,263.377152190329,1
2024-10-19,Product C,West,1849.4285668167422,3,326.6482806160899,0
2024-03-25,Product B,North,711.5980654458504,10,449.2223129279528,1
2024-10-01,Product A,North,600.8564014563169,16,138.17654678892137,0
2024-12-06,Product A,East,1772.5319039309447,12,491.03668120991443,0
2024-07-06,Product A,West,855.5096369620885,4,243.9448259072803,0
2024-03-22,Product A,West,544.1007938823951,15,179.12881479719476,1
2024-09-13,Product B,South,1909.264985684787,12,434.2928889668554,0
2024-08-26,Product A,South,1741.1249316648484,12,133.40816811984337,1
2024-12-01,Product C,North,782.9360269222188,10,406.6607713892462,1
2024-02-03,Product A,North,1778.544108043818,5,183.79805926816533,0
2024-03-28,Product B,South,723.0182237377796,5,132.2243494478323,0
2024-12-16,Product A,North,1564.1287670939976,4,461.0957878178066,1
2024-01-23,Product A,West,1924.1072121184347,18,336.9369320867035,1
2024-01-20,Product A,East,1760.9137714214064,15,390.5602147435701,1
2024-03-09,Product C,South,984.676069000315,18,427.015293643312,1
2024-09-03,Product C,South,1516.8293343430885,14,200.7948598704718,0
2024-09-12,Product B,South,1866.2697530454693,15,364.8153201618089,0
2024-07-19,Product B,South,1368.2915689896895,2,202.37151169476994,1
2024-01-29,Product A,West,654.8091168696259,16,325.22295789935066,1
2024-07-02,Product C,South,1034.6639389608376,14,358.57131062046216,1
2024-06-20,Product B,South,1390.7142750919875,5,136.28595407900193,0
2024-05-05,Product A,East,1988.0551396395942,6,488.55455501005184,1
2024-11-24,Product A,North,1217.4328184717394,14,201.39383986153328,0
2024-11-03,Product A,North,1530.0509105845485,11,189.68526472737403,0
2024-09-30,Product C,West,1517.3125083808686,5,466.5773097387643,0
2024-05-30,Product A,West,1881.34666251562,19,136.427062299428,1
2024-11-24,Product B,East,671.0708907248008,9,180.45985855187774,0
2024-05-13,Product A,North,1184.8361444622706,10,277.06231774754264,1
2024-04-17,Product C,South,739.4942055260644,1,232.42518110925445,0
2024-02-27,Product B,North,1300.7204601131332,4,215.85667787329345,1
2024-05-10,Product C,West,1547.7641324885442,14,105.7509819869956,1
2024-07-20,Product B,West,1430.9120440341526,13,108.05457810807017,1
2024-06-07,Product C,West,1270.7851183801395,10,480.6076489627728,1
2024-09-23,Product C,West,1946.9387514465286,18,438.7056376157967,0
2024-09-02,Product A,West,1840.5801341202828,13,438.4910545658225,0
2024-06-14,Product C,East,591.60288665035,8,480.65749755570135,1
2024-12-23,Product A,East,1849.516833244861,19,447.5499529912012,1
2024-09-04,Product A,West,982.2947599648229,10,400.9248878808436,1
2024-10-13,Product C,South,1710.5328160669753,8,133.41307747919151,0
2024-03-09,Product A,West,1196.1890209710964,7,239.32732800047884,1
2024-09-08,Product B,South,646.3949325401804,1,406.11352742719146,1
2024-05-08,Product B,West,1577.1238421657722,17,145.17525457913885,0
2024-08-13,Product A,East,592.831300299642,6,183.55455779327048,1
2024-06-07,Product A,East,1997.7889128733484,3,407.80597399947163,1
2024-05-17,Product A,South,1688.1991439558467,8,204.2540795337266,0
2024-01-04,Product C,South,1726.0520476525278,13,316.6251732881334,0
2024-12-25,Product C,South,720.8483001919763,4,485.55217397209015,0
2024-03-22,Product C,West,1378.0414604391458,9,194.37483087131648,0
2024-03-27,Product C,West,651.37805657069,7,164.78874908671446,1
2024-09-18,Product A,North,1248.3953916428222,6,439.76027641895803,0
2024-05-06,Product A,West,1721.0663401642662,17,318.83202655852665,0
2024-05-06,Product B,North,1418.1896442970487,6,350.01527658567477,1
2024-11-08,Product A,West,1430.8141957235764,17,250.53088709842578,0
2024-02-29,Product A,South,755.238923151049,4,365.9356315859978,1
2024-03-18,Product B,South,643.0251304588152,19,228.03999955493214,0
2024-04-23,Product C,South,664.9288280248426,9,429.0322039639717,1
2024-10-09,Product A,South,644.8005107312392,9,349.25333006395925,1
2024-10-15,Product B,East,1830.7009836357433,1,411.74300481850275,1
2024-02-01,Product B,West,1853.7274893385631,3,114.44088694388466,1
2024-12-02,Product A,East,1087.697748483541,12,182.29075640850598,0
2024-07-08,Product A,South,792.7858891645358,9,304.6336869023116,1
2024-09-10,Product B,West,1954.3870007812607,1,115.75225277028807,0
2024-07-21,Product C,East,1376.1434640820994,12,495.5650200131981,0
2024-02-12,Product B,East,1304.313832789937,3,426.775920023273,1
2024-07-16,Product C,West,1654.7038791255497,6,472.9703106472392,0
2024-05-08,Product B,West,900.5557080969022,9,450.08499979166476,1
2024-02-18,Product B,West,1610.9072304073381,8,238.62275596467666,0
2024-05-13,Product B,West,893.7334216033216,2,176.4819121887403,1
2024-11-08,Product A,North,644.2091424748864,3,362.68258928805676,0
2024-11-21,Product C,South,1282.2515999830555,15,491.0091236966515,0
2024-06-14,Product C,West,630.6772249249462,14,320.68287929491487,1
2024-10-04,Product A,West,1093.5969658604113,17,159.88136976734953,1
2024-03-14,Product A,West,1055.7100920798669,2,417.65937005935075,1
2024-01-25,Product A,West,1757.2390995779244,11,475.09332565173906,0
2024-05-23,Product A,West,1036.2109097128377,8,172.73327037746043,1
2024-10-10,Product C,West,1008.4539180945308,18,131.23403374340717,0
2024-06-10,Product B,South,1028.7178940979506,15,364.95331197622875,1
2024-01-07,Product A,South,1471.1947565095368,14,306.33931741524987,0
2024-08-02,Product B,North,1713.4133778123992,3,446.90696711052163,0
2024-10-06,Product C,North,1321.339141835732,3,302.0517558431712,0
2024-01-20,Product A,West,1957.315336410453,19,233.0281981703434,0
2024-11-03,Product C,East,1704.4467522747668,6,101.89786847732849,1
2024-07-09,Product C,West,1125.6423821166857,16,353.3556206800214,0
2024-07-25,Product A,East,672.029614685689,15,164.91848298633727,0
2024-11-10,Product A,North,897.6423112470411,7,249.39758860754404,0
2024-03-16,Product C,South,1360.6927562357228,11,492.18410169827285,0
2024-11-05,Product B,North,1496.5569557507442,17,380.1943513927933,1
2024-12-29,Product B,East,1560.3267987894565,3,321.56554108650005,0
2024-09-27,Product C,South,1642.202003910889,12,192.85914335555572,1
2024-05-31,Product B,West,827.1977144747685,3,309.6577241910901,1
2024-02-03,Product B,South,1446.0665871781619,4,211.24681606462173,0
2024-10-15,Product C,West,795.1627342003557,7,370.42859505415873,1
2024-01-15,Product B,East,642.2496203234434,11,452.6931276269732,1
2024-10-23,Product A,South,855.4276929929661,8,161.13688134662274,0
2024-04-18,Product A,West,1851.2063656349683,7,422.11540156266045,1
2024-03-14,Product B,West,1951.5486430567305,7,173.3960899593832,0
2024-11-23,Product A,East,1913.7715837835258,7,414.8608773178951,0
2024-12-21,Product B,North,862.3970351923475,10,281.5776183677849,1
2024-04-10,Product B,North,996.9534383388772,1,461.0941925881897,1
2024-04-22,Product A,East,1846.8961606561797,4,175.32236603824492,0
2024-12-13,Product C,East,583.3576627374985,17,222.4029311154071,0
2024-08-20,Product B,West,789.5932434719398,18,116.31644140749238,1
2024-02-17,Product C,East,800.5126479529238,10,453.3812283060406,0
2024-07-31,Product A,East,1173.6717872295449,14,387.1393363636769,0
2024-12-08,Product A,North,1824.9261741665193,3,271.9724620022794,1
2024-04-04,Product B,South,1145.4767546681837,15,145.4914432258949,0
2024-04-04,Product A,East,1019.0723276415073,2,233.75111829843357,1
2024-10-14,Product C,West,712.4565271306219,7,302.0413780636577,0
2024-09-30,Product C,South,1070.6989551141069,2,446.5743813061079,0
2024-01-12,Product B,West,1050.7940011684918,10,189.15917110790778,0
2024-07-27,Product A,East,1011.2359665849772,5,267.5862377320718,0
2024-08-27,Product C,North,1313.1332329737784,9,373.43694122821046,1
2024-09-05,Product A,East,1365.9696330706618,1,397.0997453665797,0
2024-01-15,Product B,East,1435.612326578368,16,499.5312090994263,1
2024-06-17,Product C,West,1225.2425159538593,14,100.16668582617734,1
2024-06-24,Product B,East,1443.1260713620036,9,331.00943076682927,1
2024-03-09,Product A,North,959.5658257193395,7,146.8628206283562,0
2024-02-24,Product A,South,1340.2332602600588,10,475.97820120903276,0
2024-11-08,Product B,North,1301.0554245612386,7,203.85972161712425,1
2024-02-10,Product A,South,1020.7268882904057,9,202.36479791963149,0
2024-11-20,Product C,North,658.3131627784376,17,345.2242399759,1
2024-01-05,Product B,East,992.7761203749237,12,459.53558746911955,0
2024-06-24,Product B,West,780.4835438179292,7,147.0409599502704,1
2024-12-12,Product A,South,804.9355348902802,7,260.8830696176743,1
2024-12-08,Product B,West,1523.2571153621097,17,372.95819906709625,0
2024-02-12,Product A,East,983.240170196546,1,415.1684195376156,1
2024-06-11,Product C,North,757.2719101364614,11,363.9428810460371,1
2024-03-29,Product A,East,1006.2956419280063,7,196.11857465874522,1
2024-09-23,Product A,East,1285.7210165537344,10,296.2356555079918,0
2024-02-17,Product C,East,971.2917003395162,6,382.63571504521485,0
2024-01-27,Product B,South,1231.0250884386064,6,146.32371243191108,0
2024-02-23,Product B,East,1194.681150819452,8,411.93641498600437,0
2024-07-10,Product C,West,1288.4990942215395,6,149.87020384455883,1
2024-04-20,Product A,South,737.463358534211,6,493.86619559564633,0
2024-07-15,Product A,West,1103.9319751458547,8,477.0659275186712,1
2024-02-01,Product B,East,500.5508606111516,14,204.15300819172177,0
2024-02-17,Product B,West,1573.4522018185783,11,166.71244601917482,0
2024-07-29,Product B,North,1441.549908902924,8,261.9823156053068,0
2024-03-19,Product A,South,1041.6924062825701,16,164.0473028635039,1
2024-12-11,Product A,North,1273.1780993178422,19,422.67450910152695,0
2024-10-25,Product B,North,1353.5453208276422,8,343.1322608048056,1
2024-11-09,Product C,North,1851.1352812159214,17,303.7979709760871,0
2024-12-29,Product A,West,967.0617162868377,17,369.6937104465069,1
2024-06-12,Product A,North,1255.5597194352779,4,439.87788358865777,0
2024-11-22,Product A,North,866.4773398185355,15,487.6870690805251,0
2024-04-01,Product C,North,1323.0501247279271,3,293.7589186113963,0
2024-07-10,Product A,East,998.8613943873155,9,332.63969109377706,0
2024-02-27,Product A,South,501.5012573994451,17,286.33192541917106,1
2024-02-02,Product B,West,1381.6262497382982,10,164.60534047532227,0
2024-09-18,Product B,West,1881.6808448836214,1,262.6115203497654,0
2024-10-12,Product C,East,836.5540909037204,19,421.31356568661056,0
2024-02-21,Product C,South,587.6966088989219,10,391.73253268820724,0
2024-05-08,Product B,South,525.7375233586678,7,477.3169483378232,0
2024-07-09,Product A,South,1346.9859047372236,18,228.82609055802052,0
2024-09-13,Product B,North,1085.0183513519273,9,369.1891827043902,0
2024-10-14,Product A,West,1629.8973141387833,3,482.93395137587106,0
2024-06-25,Product A,North,1174.6928614969822,4,134.38654023308038,1
2024-03-06,Product C,North,715.2217601019812,14,497.0080656687761,0
2024-05-27,Product A,South,1300.6719513403327,11,175.1057371772244,0
2024-11-28,Product C,East,825.837934480256,8,129.8823902510411,0
2024-12-03,Product C,North,777.6978822489698,9,153.31733838316904,0
2024-11-20,Product C,West,977.8753582357363,5,151.76982024144405,1
2024-04-10,Product C,West,1362.2701079538424,18,112.15427763243078,1
2024-10-05,Product C,North,1528.7305695860177,3,390.6036382591441,0
2024-09-17,Product B,South,1822.8006580407268,14,432.4827549637185,1
2024-05-23,Product A,South,930.174726323219,16,332.281806425182,1
2024-09-28,Product C,South,716.4213562734649,4,104.2294552170699,0
2024-12-11,Product B,West,644.1825122178791,19,132.79934326343735,1
2024-05-31,Product A,West,1816.1060387281864,2,148.2742980966942,1
2024-03-14,Product A,South,829.8751889836062,14,427.17591434966084,0
2024-07-04,Product B,North,1891.359656664327,6,134.18834926075962,1
2024-06-27,Product B,East,1023.179301258935,13,121.7371786167793,0
2024-10-19,Product C,South,1550.3904138514279,2,348.08362321325933,0
2024-07-16,Product C,North,1880.596432666651,15,195.51253439919466,0
2024-04-21,Product B,North,713.2067039292613,12,382.42649227009724,1
2024-11-05,Product C,East,1889.614056189587,14,498.8927150860141,0
2024-08-09,Product B,South,1415.408396320466,6,118.96688522741066,0
2024-10-10,Product C,North,1237.712593969034,11,166.3858425372386,1
2024-07-19,Product B,West,1220.9707829672466,10,211.4128154456021,0
2024-01-01,Product C,West,1403.1712810569325,2,279.64862515867435,1
2024-09-08,Product A,South,1837.0824577937128,2,122.45296580177097,1
2024-08-16,Product B,South,1435.1290331045598,11,207.74108379780034,0
2024-12-12,Product B,East,1186.536424594488,9,428.82038951695307,1
2024-12-22,Product A,West,646.7377306596943,9,492.5929074818566,0
2024-02-09,Product A,West,1607.65444523676,1,382.6198296444518,1
2024-01-22,Product C,South,1450.6705733985125,15,299.85662037015993,1
2024-03-06,Product A,North,1306.1744885740172,9,388.54741211493393,0
2024-07-13,Product B,East,1979.5180755867345,7,131.2119478991482,1
2024-10-05,Product B,South,599.7305574263711,9,224.35056159782593,0
2024-04-19,Product A,East,1772.0980886789353,10,210.71608434838083,1
2024-08-04,Product C,South,603.7020141693972,5,103.08245727531049,0
2024-01-23,Product C,East,962.6362697188836,8,102.65295381979614,1
2024-07-08,Product B,East,1807.6274141040556,17,384.09579065041595,0
2024-01-30,Product B,South,1869.6646418671462,12,137.29193412466776,0
2024-06-28,Product B,South,1194.7010083606824,1,324.0138524947565,1
2024-06-25,Product B,West,626.4453778238919,13,319.02706892162655,1
2024-03-05,Product B,West,1905.1800267237873,1,270.1716638435938,1
2024-07-24,Product C,North,812.1755444360742,18,115.41618911149686,1
2024-05-26,Product A,East,1011.65993479574,4,127.60888778329527,1
2024-04-24,Product B,North,1852.6556545368962,11,385.4951972523648,1
2024-03-16,Product C,South,1783.5398306458717,4,338.12122026733635,0
2024-04-27,Product A,North,908.8486366576341,1,461.9680107431671,0
2024-03-14,Product B,North,1308.940056143516,2,125.97670922992852,0
2024-11-10,Product B,East,600.3106000268209,12,157.65241720980825,1
2024-12-20,Product C,North,1036.1846448917554,2,401.7295405171229,1
2024-09-21,Product A,East,1342.5044296547117,9,354.3217669497909,0
2024-03-26,Product A,West,573.462223204505,16,421.33671568458925,0
2024-05-27,Product C,East,956.1064410209787,2,186.5233271423468,0
2024-05-04,Product B,East,868.5568516424432,11,160.82410002317658,0
2024-03-14,Product A,West,924.2254120072544,2,229.9419979693937,1
2024-11-29,Product A,East,770.1031479501526,8,439.0758230770668,1
2024-11-18,Product A,North,669.2910159432098,5,252.7965353285325,0
2024-06-11,Product B,South,1490.5876050376962,6,255.84568060099832,1
2024-07-13,Product B,North,1084.2437371629617,4,277.03812009952344,1
2024-03-03,Product C,South,599.0620691658908,8,139.41794765933523,0
2024-08-08,Product A,North,651.0784054326245,11,166.8482010340485,0
2024-09-11,Product A,West,1596.29045799203,12,490.5953578928818,1
2024-08-26,Product A,East,1148.3531773588472,2,466.94892069821447,0
2024-09-27,Product C,East,1939.2133729280304,10,360.50959373076336,0
2024-09-19,Product C,North,1810.4413855401062,9,386.0099103479341,1
2024-04-23,Product A,East,1640.3510362601253,5,289.0751554463261,0
2024-08-08,Product B,East,1590.3955523307052,10,383.6836663267408,0
2024-11-02,Product A,West,1680.595830415546,12,281.4035504346475,1
2024-08-20,Product C,South,1090.7107958011338,10,314.8243279351368,0
2024-04-30,Product B,West,1854.034465334424,17,200.41434892194675,1
2024-06-09,Product A,East,1242.27088944856,14,259.9869131525099,1
2024-12-29,Product B,East,655.7326318493399,12,328.68465601340677,0
2024-05-23,Product C,West,1808.128168969284,12,451.44608928738387,0
2024-09-29,Product C,South,1816.0236120781742,12,305.4252370102845,0
2024-02-26,Product A,East,871.7141527564734,18,476.67063747852063,1
2024-09-07,Product B,South,1222.6072580424116,9,232.20537531113433,1
2024-02-23,Product B,South,1632.2045014235218,6,128.92248993371766,1
2024-10-19,Product B,East,1709.1147521417415,8,111.86248829531942,1
2024-02-14,Product B,West,623.1606056342237,9,248.9029838980711,1
2024-10-29,Product A,South,781.8902930199494,8,219.41390889886281,1
2024-10-29,Product B,East,1623.2929915116245,3,175.0766300301307,0
2024-09-17,Product B,East,1766.969742996248,4,184.59100914247185,0
2024-02-24,Product B,East,1778.2502461931444,13,203.85010456723364,1
2024-07-23,Product A,East,712.2880668227153,19,126.252014358285,1
2024-05-07,Product B,West,551.0921767503431,11,416.01428612707304,1
2024-03-03,Product B,West,1156.205444540904,3,389.0379145580872,0
2024-04-20,Product A,West,1214.351690561281,18,453.17524403776144,1
2024-07-31,Product B,East,1547.1276567883056,7,102.68364245404982,0
2024-01-14,Product B,West,864.1509321302833,16,140.78233088700046,1
2024-09-22,Product B,South,670.9121172294304,16,182.44236443621924,1
2024-10-29,Product A,North,1509.6816958393742,10,213.15173129625936,1
2024-02-04,Product B,North,700.351874970454,4,120.57952248988757,0
2024-02-16,Product A,North,1085.6422445731587,13,414.90528488880926,0
2024-12-04,Product A,East,1529.7117107652418,17,388.44353299267317,0
2024-10-02,Product C,South,1493.5128561652964,8,171.98118722935823,0
2024-06-21,Product B,South,1130.0573730523256,16,199.08211272046077,1
2024-09-15,Product B,West,1207.6477409336082,6,301.34735627628953,0
2024-02-16,Product B,East,608.7210505743735,14,236.30496193104614,1
2024-06-25,Product A,South,1209.0588366748884,19,398.0458400024066,1
2024-03-30,Product B,East,798.4881312720516,3,405.2761543508604,1
2024-05-17,Product A,North,1655.2426463899762,5,469.7348960530542,1
2024-12-04,Product C,West,1949.246898016391,4,228.55151589686383,0
2024-08-17,Product C,North,1599.767668295118,2,174.45666783317515,1
2024-10-23,Product A,South,1882.2941006767367,19,346.1515060548412,1
2024-09-18,Product A,North,1458.5409157655822,15,224.45033968305856,1
2024-02-03,Product C,West,1463.6221101503047,18,327.1766559284738,0
2024-01-20,Product B,East,1526.07822760146,15,414.83538933302174,1
2024-03-04,Product C,West,1928.7284452069077,19,439.36719742951436,0
2024-09-18,Product C,South,1984.2832763230529,8,113.78407754192823,1
2024-09-29,Product B,North,1538.5348972052684,11,337.35507372884615,0
2024-12-28,Product B,East,1489.9445495560194,14,242.55731143537616,1
2024-03-19,Product C,South,903.5451694031417,6,210.12999180583725,1
2024-02-15,Product B,South,927.2121342034096,6,173.28444803626326,0
2024-07-28,Product A,East,1171.8365205933605,14,428.4091153707562,0
2024-12-21,Product B,West,1395.8050210109132,19,103.31316979486131,1
2024-01-14,Product C,East,1902.927746586502,1,384.7460615396191,1
2024-02-22,Product A,North,669.8720273477929,6,176.55551525535512,1
2024-03-02,Product A,East,693.2931212609307,2,363.2333354551466,1
2024-12-18,Product C,West,1502.7157241716964,15,248.77952490320862,1
2024-05-29,Product A,East,1674.6241820087837,18,153.99682346123336,0
2024-03-04,Product B,South,1059.8067965425375,18,204.03919585923882,0
2024-11-05,Product C,South,1656.6330694842,12,333.81213309302916,1
2024-01-04,Product B,West,1666.00158509994,15,310.6829458910206,1
2024-06-30,Product B,North,1409.3193889444842,12,147.74444340303467,1
2024-01-28,Product B,East,1179.6226130762734,13,477.73913664767906,1
2024-12-07,Product C,West,660.8110713731999,1,198.47541739381458,1
2024-04-01,Product C,South,1766.2133091041821,10,354.2865062793679,1
2024-07-01,Product C,West,1269.9539000678988,3,475.22467162886903,1
2024-12-19,Product B,North,1440.7520164450193,3,386.8645832983951,0
2024-04-08,Product B,East,750.7854983125978,18,303.79040276396177,0
2024-03-23,Product A,West,572.9644627388078,14,127.75023311158256,1
2024-02-23,Product C,North,1319.6276764901259,10,412.4797015328131,0
2024-02-28,Product B,North,1643.156094048703,6,250.57512749104225,0
2024-08-27,Product C,West,1463.0964818705168,15,406.97967503711806,1
2024-11-09,Product A,South,979.2918307524853,3,320.5991202434777,1
2024-01-27,Product C,South,919.1111043774425,13,151.79674362668024,1
2024-05-01,Product B,West,1757.2489720998528,19,264.40696406767125,0
2024-06-29,Product C,West,1666.7702019452743,9,107.75050605414873,1
2024-02-06,Product A,East,1892.6256828974647,5,449.0089143376382,0
2024-03-21,Product C,East,1869.7890478969232,10,271.7297882001711,1
2024-10-29,Product A,East,774.0722628605386,5,352.1392239707236,0
2024-07-21,Product C,North,695.6465842891008,13,498.55530144988825,1
2024-07-25,Product A,South,1982.8447263071716,8,113.71227518907547,1
2024-11-28,Product A,North,1397.9073226770804,6,204.16881707840707,0
2024-10-15,Product A,North,1693.6162674358352,12,123.22580497550679,0
2024-03-02,Product A,South,1833.3372830038757,4,494.8758369316296,1
2024-08-13,Product C,South,1405.2135306584473,1,202.75479397032092,1
2024-11-09,Product C,East,1892.3932051969819,12,119.05650105183497,0
2024-06-15,Product B,North,1571.460608846862,18,447.93435013567387,0
2024-04-05,Product A,South,1891.8027873647484,12,231.63486054754173,1
2024-04-05,Product A,East,1492.1873940398718,10,156.8447204194395,1
2024-12-16,Product A,North,1028.8885931772143,14,180.45692899084113,1
2024-12-26,Product A,East,1132.5031851486108,13,380.50324775719315,1
2024-06-03,Product B,West,831.1937274417958,6,189.90364431975297,0
2024-10-22,Product B,South,921.9721335888003,18,495.3601719875294,1
2024-03-13,Product B,West,1015.9163356322882,5,415.11529913331793,0
2024-09-22,Product C,South,1978.8654479266481,11,355.8509182080305,0
2024-03-02,Product B,West,714.0486143141543,6,178.3672951129202,1
2024-09-07,Product A,North,1961.9878709629977,2,303.5749961173812,0
2024-08-11,Product A,East,1868.367980797561,15,346.1057024306151,0
2024-09-26,Product A,West,597.4209346774455,13,249.8053238829946,1
2024-02-01,Product B,South,1832.746583573022,15,302.1317248972265,0
2024-03-17,Product A,South,739.2536851982884,4,221.90464100610194,0
2024-08-26,Product B,North,1970.8009721062363,1,180.84956982190204,1
2024-05-18,Product C,West,1338.0267559798447,19,478.73512913464066,1
2024-12-23,Product A,East,781.8546245283999,16,417.84040870049984,0
2024-04-10,Product A,East,976.8538432374849,9,252.91903428152813,1
2024-10-10,Product B,North,1087.774165470968,3,442.96625383418694,1
2024-04-13,Product C,West,1051.4176988873382,11,225.6457069427127,1
2024-05-13,Product A,South,1933.544025312249,3,343.180622536359,0
2024-05-20,Product C,West,1024.9021768815041,10,306.6954139852685,0
2024-10-27,Product C,West,1270.9085260247357,13,309.07616539898333,1
2024-03-03,Product C,East,1014.8091724850121,13,442.5352789808671,0
2024-03-18,Product C,North,1165.2356816455424,16,432.30333561333475,0
2024-11-10,Product C,West,974.6198784016594,11,141.85429646672154,0
2024-04-23,Product C,West,1360.303915924326,9,197.19099853066558,0
2024-03-22,Product B,North,585.5494194930709,3,292.35809902359256,1
2024-07-29,Product A,West,1736.2638826095767,11,309.18963415302846,1
2024-12-10,Product B,South,599.080088856819,3,375.3529649844215,1
2024-04-03,Product C,East,996.0027577880137,17,194.85346784378163,0
2024-07-02,Product C,West,635.853405815462,2,231.22721306912567,1
2024-03-31,Product C,North,919.3598366147627,16,469.93677216865075,1
2024-06-07,Product C,East,1590.8601226583146,4,267.6924408751438,0
2024-05-24,Product B,North,1288.2320647536371,10,165.92820543229084,1
2024-08-25,Product B,East,1449.6650892165485,7,206.78283094891714,0
2024-06-07,Product B,North,583.7073149040191,16,342.16534972804965,0
2024-12-14,Product B,North,918.4494794877903,6,447.09360418171644,0
2024-07-22,Product B,North,833.9830054975607,10,235.97821815043812,0
2024-06-28,Product A,West,1670.7066591894622,3,244.62002091721132,0
2024-10-22,Product A,East,1198.5762512458482,5,475.6350611077989,0
2024-12-13,Product A,West,1574.7025872720076,7,276.55511807123537,0
2024-02-22,Product A,West,1915.7645415320494,3,191.94083594165033,0
2024-12-15,Product B,West,1925.589134277197,16,468.5991019726005,0
2024-05-03,Product B,West,972.9987413373283,2,433.4034203327859,0
2024-05-08,Product B,West,846.0106506512627,16,416.1222781648631,0
2024-07-13,Product A,South,1795.30657277464,11,258.58372365605203,1
2024-09-11,Product C,East,1527.024357930937,5,423.3862825584127,1
2024-04-11,Product A,West,1196.9270142803393,8,388.0170419680305,0
2024-08-16,Product A,South,1329.3556904614147,15,201.54529172166167,1
2024-03-29,Product C,West,717.2395597396194,18,104.43186963407807,0
2024-11-16,Product A,North,733.5509148815916,12,165.48730973029683,0
2024-02-25,Product B,West,1707.908850241488,6,341.76672503558996,0
2024-03-11,Product B,North,619.6502298918062,3,472.55457262142306,1
2024-10-01,Product A,East,1916.6230906868159,16,248.42883233040615,0
2024-06-11,Product C,East,1267.1488988614979,2,440.46300791072457,0
2024-06-05,Product B,West,1743.5467692175391,6,396.98112830370167,1
2024-11-19,Product C,West,1543.0361926577045,12,126.37876792917137,1
2024-03-09,Product B,North,1358.3897768139273,12,146.56768710729858,0
2024-04-14,Product A,West,1226.1664575420227,12,283.04315465958325,1
2024-07-03,Product C,East,1020.321909446305,16,403.1826264185522,0
2024-10-22,Product A,North,1339.4003678249464,4,326.31090957420065,0
2024-04-20,Product A,West,1383.655581246042,6,360.0626553480464,0
2024-08-26,Product C,East,684.5344956845736,2,447.4052176488027,1
2024-11-18,Product A,East,610.6234391033464,12,319.89190893871967,0
2024-08-02,Product C,North,1032.0527049955513,14,474.9294047256072,0
2024-10-02,Product C,East,1894.2636342849287,3,150.30799014843245,0
2024-09-01,Product A,West,1760.4803474362543,7,432.86100257528017,0
2024-08-05,Product B,North,1863.5744898233638,4,278.64500698237333,0
2024-11-25,Product C,North,595.740534052501,11,303.0086183354231,0
2024-09-07,Product B,North,516.9638458433734,17,483.7203065411662,1
2024-12-29,Product A,East,831.2273260012782,7,311.203722235316,1
2024-12-06,Product C,East,934.3766301442417,18,262.5877364121682,0
2024-08-25,Product B,South,1499.3017806403245,18,143.73741343902458,0
2024-06-04,Product A,West,1739.5078590416656,14,409.9312781913184,1
2024-09-26,Product C,South,1966.2624547821051,5,338.44280531059695,1
2024-09-03,Product B,South,1035.2612335461395,18,228.5401665450137,0
2024-12-18,Product B,North,1061.2447232727918,1,310.16203956549873,1
2024-07-13,Product C,East,718.8728814556463,12,405.87451762994954,1
2024-07-11,Product B,West,976.1125188302858,8,156.58149805421567,1
2024-04-24,Product C,North,615.603877574016,7,355.05512551056324,0
2024-10-28,Product B,South,1484.2536213968494,4,449.52170928568233,0
2024-11-06,Product B,South,1619.548744829798,12,350.2697215610003,0
2024-01-23,Product B,North,1038.713578242767,10,297.37261091547646,1
2024-06-09,Product C,South,1045.2347474076746,2,223.90451625938056,0
2024-11-29,Product C,South,912.0235665405021,18,240.3793307451941,0
2024-04-06,Product C,West,559.6707222355685,18,288.7003817054142,1
2024-03-28,Product C,North,837.7474032967621,19,463.53307240956667,1
2024-06-24,Product A,East,990.6143938030366,2,348.55143975147604,0
2024-12-01,Product B,West,682.8738888116156,11,456.5899155932574,0
2024-10-29,Product C,South,1919.7334952557146,12,396.3031950506124,0
2024-03-17,Product A,South,1663.2181872357717,18,462.59591628652726,0
2024-04-22,Product C,East,593.8252988485647,6,299.99528590225134,0
2024-03-31,Product A,North,1803.5225015774088,15,334.5413901268576,0
2024-09-23,Product C,East,1540.1340795721558,14,456.85148390406135,0
2024-02-11,Product C,East,992.9335816290046,19,140.44267149985853,1
2024-05-22,Product C,South,1003.590711907176,6,494.61150907716933,1
2024-06-12,Product C,West,723.957940151766,10,490.1740174341384,0
2024-02-11,Product C,East,1613.802588134229,16,446.37154438807966,0
2024-04-06,Product C,North,1211.446342583844,17,391.289630984267,1
2024-12-02,Product A,North,1108.6251082719734,19,192.42142103915762,1
2024-12-03,Product C,North,1897.4170040078425,10,226.9208472234102,0
2024-11-30,Product B,South,1519.893745283867,9,413.3984618274104,0
2024-02-26,Product C,North,943.3203862734258,7,327.7248633709667,1
2024-04-08,Product B,South,1076.916262631125,7,498.6513604139993,0
2024-06-18,Product B,South,704.9552570943266,19,286.84051196402004,0
2024-01-13,Product A,East,694.13466452268,1,480.12036725356745,0
2024-06-17,Product B,East,1241.906322543455,17,170.40980688693202,1
2024-05-21,Product A,East,1304.0370429608327,10,165.38313326416318,1
2024-01-16,Product C,East,828.3878599868265,15,495.40243717308255,0
2024-11-27,Product C,South,1003.4929497688045,9,289.21717169347744,1
2024-05-04,Product C,North,650.5602606152102,12,374.929414131661,1
2024-01-18,Product B,West,1852.5808467485974,10,317.04261897506467,1
2024-07-29,Product B,East,1139.4706334976363,16,388.2814797425705,0
2024-12-07,Product B,South,1906.2078348906307,14,494.2205447372098,1
2024-09-19,Product B,South,929.0423010037504,13,287.55556052193685,1
2024-05-06,Product B,East,879.5752493840596,19,102.39244069404721,0
2024-06-02,Product A,East,968.7198714038892,13,161.86164285594276,0
2024-01-05,Product C,West,1522.2221538868926,1,462.0384918131262,1
2024-10-01,Product B,North,866.8321337888235,4,190.47532703678502,0
2024-01-08,Product C,West,1671.531747918981,2,452.79175282722133,1
2024-05-14,Product A,North,1503.1847956250003,10,182.38088995165924,1
2024-12-17,Product C,South,796.2201065978018,17,378.3259885075709,1
2024-10-19,Product A,East,1614.5237725696516,14,332.98414634974387,0
2024-06-30,Product B,North,1328.1565014988132,16,247.50510951959063,0
2024-05-24,Product B,West,1824.7709699293507,9,147.9499125363249,0
2024-02-24,Product C,West,1037.4694072043837,12,263.40253011675037,0
2024-12-04,Product C,South,1757.0246129146442,12,481.0961514905079,1
2024-10-31,Product A,West,1990.0825767081017,3,356.9541518134444,1
2024-04-17,Product B,South,1053.8426496130796,15,313.24478429319487,0
2024-09-02,Product B,South,572.6637190664079,4,227.65716137965842,0
2024-03-14,Product C,South,544.793323629157,2,213.5440007167108,0
2024-08-22,Product B,South,1310.810690254034,9,440.82517865855255,1
2024-10-05,Product A,South,1272.1539176362553,19,135.99671518762727,0
2024-04-03,Product C,North,1527.9494125054928,18,281.6746605017233,1
2024-05-04,Product C,East,1730.7630759210024,8,190.9856762814125,1
2024-02-09,Product C,West,1774.112349233207,4,371.57800090934273,1
2024-07-28,Product C,West,1520.417214175159,14,252.37688075287346,1
2024-05-03,Product B,North,1942.4630540580313,16,405.9377572257159,0
2024-08-15,Product C,East,1408.5575617937222,19,359.7101984327614,0
2024-04-06,Product C,South,1119.346384982036,4,468.5745489458263,0
2024-05-29,Product C,East,556.8841580237726,16,446.81928568803255,0
2024-10-19,Product A,East,1827.4410301344662,13,114.68007086235201,0
2024-10-04,Product C,East,1098.136973279603,2,327.59453452777785,1
2024-03-20,Product C,South,1961.6275692514073,7,270.7363523850544,0
2024-07-10,Product B,South,702.5373396355749,13,195.00555552587335,0
2024-03-23,Product A,East,1880.734222824198,17,220.20843001660953,1
2024-07-04,Product B,West,1794.2776331046887,5,327.5420603018049,0
2024-11-11,Product C,North,1454.25724998731,7,165.316083029372,0
2024-09-10,Product C,South,643.045634941234,13,137.281786290863,0
2024-08-15,Product B,West,655.8039917756769,15,115.69168946755096,1
2024-04-11,Product C,East,1252.0189314680379,7,300.98447676523597,1
2024-10-19,Product B,East,1699.0561987324586,17,400.9224031067929,0
2024-11-05,Product C,West,1321.6516229316994,14,371.5335697907505,0
2024-12-04,Product C,East,1852.0492637633354,5,191.9590429405896,0
2024-07-28,Product A,East,723.3937141360312,5,169.20605195085824,0
2024-03-03,Product C,South,806.4759920868927,12,262.28889521499,1
2024-08-22,Product B,North,1904.8340593276514,17,140.70611331085755,0
2024-01-16,Product B,West,920.1266564610339,14,282.5535744239744,1
2024-03-27,Product A,North,1697.4744376041897,11,187.99318950726877,1
2024-12-27,Product B,West,773.7660605581427,5,142.0632073596405,1
2024-07-15,Product A,West,1931.2425501872804,14,369.1781107963272,1
2024-04-02,Product A,North,1461.9151245720382,15,399.61202896513487,0
2024-05-26,Product A,East,847.7016873567177,10,190.21133526146747,1
2024-11-30,Product B,East,846.4654528905714,6,243.32685735358893,1
2024-03-04,Product B,South,965.0058888192282,2,150.27672782395354,1
2024-09-27,Product C,North,718.8483961239745,2,376.2821336996507,1
2024-01-31,Product C,West,1590.9420015658277,14,200.816385336256,0
2024-10-31,Product C,West,1294.2236925653733,18,145.05188192366379,1
2024-09-08,Product A,South,1931.5555635681987,6,305.91512294489917,0
2024-05-01,Product A,West,1244.0297675831353,5,244.76845830174184,0
2024-08-16,Product C,West,1667.376409316331,5,330.77161529324667,0
2024-07-05,Product A,East,713.2370795146928,16,475.54474560172537,0
2024-12-03,Product B,North,836.7479387776232,12,232.18841241368688,1
2024-04-28,Product B,East,959.9255675406123,18,389.86661143247767,1
2024-05-29,Product A,East,1801.7577869044715,17,474.9017349764712,0
2024-08-17,Product C,West,1326.1241180101415,7,399.46912472457166,0
2024-09-17,Product B,West,1182.2455200778759,5,114.28519025063855,0
2024-03-09,Product A,West,951.5815348163737,11,450.65343718851614,0
2024-08-21,Product A,North,716.5663072466887,9,266.6491428992093,1
2024-12-05,Product B,South,1531.0843126202315,11,409.08520584911787,0
2024-07-30,Product A,South,1001.0381518033619,17,112.79960736490207,1
2024-05-11,Product C,East,715.9688934604178,6,103.35296384053936,0
2024-11-10,Product B,West,863.6216673091014,19,308.6675947718413,0
2024-12-13,Product C,West,1955.2469461858964,9,378.6684628460073,1
2024-01-04,Product C,South,1615.0803873307277,17,429.31801004910676,1
2024-03-09,Product A,West,1883.206909943624,1,225.56231537603955,1
2024-04-05,Product B,North,1495.232067632412,19,281.5074708054596,0
2024-05-07,Product A,South,578.4410938204363,9,409.8262810828172,0
2024-10-28,Product B,East,1347.8285304952296,6,411.9713381924268,1
2024-08-28,Product C,South,1126.4792785367263,17,155.80926494799462,0
2024-08-31,Product A,West,625.27429029022,7,147.16210634879513,1
2024-09-11,Product B,North,1867.0096337669809,2,248.59610586748326,1
2024-06-26,Product B,West,1755.6461727383505,14,268.053531669127,1
2024-06-05,Product B,North,1561.0672549177661,7,356.8161854247119,1
2024-01-01,Product C,North,1801.636726393372,7,101.63816239302506,0
2024-12-29,Product B,North,1830.4671888162816,13,268.6782171626679,1
2024-11-29,Product A,South,1843.601659687632,19,458.51817995737053,1
2024-03-18,Product A,East,1226.9851600928948,2,411.52287353547365,1
2024-05-08,Product B,South,658.3142574238972,10,474.74929801507966,0
2024-10-11,Product B,East,1671.752775900716,6,313.75696520095755,1
2024-02-23,Product B,West,521.3686154882106,2,205.03190714146413,1
2024-01-21,Product B,North,986.5709842848523,15,403.8384801619548,0
2024-03-11,Product B,North,823.616984566808,6,426.0245472316684,1
2024-01-03,Product C,West,516.4518302577977,3,405.14029969609567,1
2024-01-31,Product B,South,1794.9379701938735,16,186.4255996113784,0
2024-06-26,Product A,East,599.5549826120802,9,454.85671162086294,0
2024-06-28,Product C,South,1347.8365605557265,13,246.45767688453253,0
2024-03-12,Product A,North,1999.2102036306892,14,167.76054259202095,1
2024-07-10,Product C,North,529.6936220782565,18,203.34304135029873,0
2024-01-01,Product C,South,978.0638678351297,15,347.639829661002,0
2024-08-05,Product A,West,789.1624504345721,14,392.5180149833581,1
2024-04-28,Product C,South,1083.3627669654988,17,473.67679817115527,1
2024-07-12,Product A,East,862.4058255415089,19,228.81718426068787,1
2024-05-10,Product B,East,1805.0012566216883,17,407.25519486707486,1
2024-05-28,Product C,West,518.6986804497835,2,259.23759917979396,0
2024-05-23,Product B,East,661.3197055855351,14,369.26734256437277,1
2024-12-27,Product B,West,1685.8177281288276,18,368.6751373093502,0
2024-09-15,Product B,North,1123.7155870231545,1,309.62824612362886,0
2024-02-18,Product B,West,739.6742259592227,13,346.74126280871326,0
2024-12-29,Product C,East,1673.8700351951356,17,274.31868894686454,1
2024-10-14,Product B,East,831.9370013494929,16,239.65784517310246,0
2024-07-03,Product C,East,585.3650313248299,19,107.61481722800661,1
2024-09-01,Product A,East,1695.754189415596,3,363.76757011458324,1
2024-07-03,Product A,West,1359.3691509047949,13,303.67048947198003,0
2024-03-11,Product B,West,1331.8150032419094,4,232.00642179531536,1
2024-04-06,Product A,South,782.407972895495,12,409.726854120795,1
2024-04-04,Product A,West,1055.7765717635639,12,467.45683199816057,1
2024-10-12,Product B,North,1634.3992758107104,15,212.4121534862553,1
2024-07-09,Product B,North,1652.8845278739943,7,177.71010279571203,1
2024-11-29,Product A,West,874.5606539621831,18,307.2817801211721,1
2024-01-22,Product B,South,1662.1164140442731,18,102.09668673319973,1
2024-12-11,Product B,North,1043.65126753552,12,173.926393951451,0
2024-06-01,Product A,North,1103.8463067665102,8,176.02372279311203,0
2024-03-29,Product A,East,602.4858288638434,17,208.05435161652787,0
2024-09-13,Product B,North,1923.8456930337024,13,195.05789138385703,0
2024-06-02,Product C,South,1909.2110258195141,9,113.19234242613084,0
2024-09-26,Product B,West,750.3682844440704,4,279.883796727864,1
2024-04-20,Product A,West,1999.3810583574304,10,294.9501129062294,1
2024-03-16,Product B,West,818.1020276899353,15,221.357394654729,1
2024-04-04,Product A,North,1634.576920391548,19,475.30186744180304,0
2024-10-31,Product B,West,1631.4114635382923,17,412.0915981813411,1
2024-03-29,Product A,East,1660.842806325853,8,353.3178748719999,1
2024-08-04,Product C,East,661.5031062267195,11,373.7151358106726,0
2024-04-28,Product A,South,534.7808125539995,5,312.66632113907673,0
2024-05-13,Product A,West,1342.5159606643936,8,352.65817380081467,0
2024-12-01,Product C,West,1338.3780676815315,5,194.62128647309726,1
2024-02-08,Product C,West,664.8870975664674,6,318.99374361672034,0
2024-05-26,Product A,South,1640.8250051333755,15,201.02796170828827,1
2024-04-11,Product C,South,597.4702741331571,3,224.58911111422856,1
2024-04-15,Product A,South,1203.5363166401075,2,210.16545609138566,0
2024-02-02,Product B,South,1267.6014775390972,12,439.48152013387164,0
2024-07-24,Product B,West,1463.260816349457,17,344.9421079394708,1
2024-10-31,Product B,South,1899.1583742983998,15,482.69054143336285,1
2024-10-14,Product C,South,1689.7999429787803,7,414.457186653327,1
2024-05-01,Product A,East,1623.0549208455836,6,117.22662657505367,1
2024-05-11,Product B,South,906.563731261475,14,381.75559593271385,0
2024-03-28,Product B,West,840.0339278473239,17,409.4482518870092,1
2024-10-04,Product B,North,1952.8007216202525,6,101.83529095447517,0
2024-10-06,Product A,East,966.7775646671757,5,440.2412851294855,1
2024-01-18,Product A,South,1972.3420736045723,15,179.8451117135253,0
2024-11-05,Product A,East,1862.0709283029541,7,359.7188575104262,0
2024-01-29,Product B,West,1133.2079941830323,5,309.2545842168666,1
2024-07-11,Product B,South,1863.5174314764154,6,477.12288322702807,1
2024-12-04,Product C,West,1260.855390599692,7,327.19109084017134,0
2024-05-30,Product C,North,901.2505327494907,7,201.46820318509288,1
2024-06-03,Product C,East,1797.543536569961,17,264.77446216322187,1
2024-01-21,Product C,South,1562.3038279512068,19,223.14437160841814,1
2024-01-18,Product A,North,1013.576329591298,18,176.60447881568663,1
2024-04-14,Product A,East,1920.2835149801647,13,344.8453990307729,1
2024-04-28,Product C,South,1262.9402434808374,1,262.4988208510906,0
2024-02-13,Product A,West,807.0649395332621,16,264.23062951365296,0
2024-07-04,Product C,West,1127.9066293488236,5,415.6643336382269,1
2024-06-06,Product C,North,780.744043379751,11,370.64915521631417,0
2024-03-09,Product C,North,1325.2503677608481,5,171.0124937131175,1
2024-01-25,Product A,East,1850.0183278035915,17,184.65963110975986,1
2024-05-06,Product B,South,568.154314246711,6,344.2817399151252,1
2024-06-17,Product C,East,951.6334596242627,16,140.73158729524465,1
2024-03-02,Product C,West,1172.539028261133,6,140.22501229177072,1
2024-11-01,Product B,East,698.3892069724045,11,334.1622159256068,0
2024-10-15,Product C,North,1438.4689603170586,9,276.16494788447915,0
2024-02-12,Product B,East,1592.0239654998422,4,270.286425750185,1
2024-04-20,Product C,West,1510.7873202456622,6,261.4825498870159,0
2024-04-22,Product C,North,1936.517556258601,3,104.39988124602819,1
2024-03-08,Product C,West,850.6670814861436,17,133.26606321409872,0
2024-03-26,Product B,North,592.4190604131035,5,314.9882777353162,0
2024-05-06,Product A,North,1099.0683106782674,9,222.53420389185976,0
2024-01-03,Product B,East,1140.0620917211659,11,302.72738962321085,0
2024-09-05,Product A,East,990.0499046312962,2,410.19054678038793,0
2024-04-28,Product C,North,1880.641567051296,14,351.3343917119457,0
2024-09-26,Product B,North,1794.4901029743767,18,244.34612746435408,1
2024-03-14,Product C,South,982.726960801012,11,231.67207626851615,1
2024-06-28,Product C,East,1898.1310311554432,11,409.33167755293357,0
2024-09-24,Product C,South,1901.6328939679636,14,320.31710789066756,0
2024-08-18,Product B,West,1315.2138163708464,7,366.3426281323081,0
2024-03-01,Product A,North,687.4744172219134,17,150.90768263407352,0
2024-11-21,Product A,East,1791.9946770380511,6,131.98352662191567,1
2024-09-05,Product B,West,1661.6870356415502,9,250.89478367790116,1
2024-09-11,Product A,West,712.7095248645563,19,394.1044592779716,1
2024-01-01,Product B,North,1728.0833875358703,6,273.63308239031403,0
2024-07-08,Product B,East,1856.8343708695718,8,439.3341001550017,0
2024-10-08,Product B,West,924.4961811255273,6,428.4041779954354,0
2024-08-07,Product A,South,1081.165531090742,16,465.9555909446779,1
2024-05-07,Product B,North,931.4032209124434,6,498.79959329468113,1
2024-04-23,Product C,East,761.1635021971272,13,106.08360437916092,0
2024-02-02,Product B,West,1834.0877953513304,17,423.9867763163905,1
2024-02-24,Product A,West,1316.8952484836157,15,177.10528594206852,0
2024-09-27,Product A,South,1841.3643583948922,16,359.13942394885606,1
2024-01-03,Product B,South,677.7940494220913,13,213.02353035698286,1
2024-10-15,Product C,East,837.7106784559644,6,232.51009750888142,0
2024-11-22,Product B,North,1648.894489796686,9,236.79777166847927,1
2024-02-05,Product B,South,793.2979345581791,3,195.1179033158391,1
2024-08-19,Product A,East,1712.0450116215616,17,438.45726805411715,1
2024-04-01,Product A,North,727.3316317387267,17,495.46476936451484,1
2024-07-13,Product B,North,1753.347338398092,11,114.46637393422603,0
2024-09-20,Product C,East,823.4780774471325,10,167.0434333047952,0
